rental_id;rental_date;inventory_id;customer_id;return_date;staff_id;last_update
1;24/05/2005 22:53;367;130;26/05/2005 22:04;1;15/02/2006 21:30
2;24/05/2005 22:54;1525;459;28/05/2005 19:40;1;15/02/2006 21:30
3;24/05/2005 23:03;1711;408;01/06/2005 22:12;1;15/02/2006 21:30
4;24/05/2005 23:04;2452;333;03/06/2005 1:43;2;15/02/2006 21:30
5;24/05/2005 23:05;2079;222;02/06/2005 4:33;1;15/02/2006 21:30
6;24/05/2005 23:08;2792;549;27/05/2005 1:32;1;15/02/2006 21:30
7;24/05/2005 23:11;3995;269;29/05/2005 20:34;2;15/02/2006 21:30
8;24/05/2005 23:31;2346;239;27/05/2005 23:33;2;15/02/2006 21:30
9;25/05/2005 0:00;2580;126;28/05/2005 0:22;1;15/02/2006 21:30
10;25/05/2005 0:02;1824;399;31/05/2005 22:44;2;15/02/2006 21:30
11;25/05/2005 0:09;4443;142;02/06/2005 20:56;2;15/02/2006 21:30
12;25/05/2005 0:19;1584;261;30/05/2005 5:44;2;15/02/2006 21:30
13;25/05/2005 0:22;2294;334;30/05/2005 4:28;1;15/02/2006 21:30
14;25/05/2005 0:31;2701;446;26/05/2005 2:56;1;15/02/2006 21:30
15;25/05/2005 0:39;3049;319;03/06/2005 3:30;1;15/02/2006 21:30
16;25/05/2005 0:43;389;316;26/05/2005 4:42;2;15/02/2006 21:30
17;25/05/2005 1:06;830;575;27/05/2005 0:43;1;15/02/2006 21:30
18;25/05/2005 1:10;3376;19;31/05/2005 6:35;2;15/02/2006 21:30
19;25/05/2005 1:17;1941;456;31/05/2005 6:00;1;15/02/2006 21:30
20;25/05/2005 1:48;3517;185;27/05/2005 2:20;2;15/02/2006 21:30
21;25/05/2005 1:59;146;388;26/05/2005 1:01;2;15/02/2006 21:30
22;25/05/2005 2:19;727;509;26/05/2005 4:52;2;15/02/2006 21:30
23;25/05/2005 2:40;4441;438;29/05/2005 6:34;1;15/02/2006 21:30
24;25/05/2005 2:53;3273;350;27/05/2005 1:15;1;15/02/2006 21:30
25;25/05/2005 3:21;3961;37;27/05/2005 21:25;2;15/02/2006 21:30
26;25/05/2005 3:36;4371;371;31/05/2005 0:34;1;15/02/2006 21:30
27;25/05/2005 3:41;1225;301;30/05/2005 1:13;2;15/02/2006 21:30
28;25/05/2005 3:42;4068;232;26/05/2005 9:26;2;15/02/2006 21:30
29;25/05/2005 3:47;611;44;30/05/2005 0:31;2;15/02/2006 21:30
30;25/05/2005 4:01;3744;430;30/05/2005 3:12;1;15/02/2006 21:30
31;25/05/2005 4:05;4482;369;30/05/2005 7:15;1;15/02/2006 21:30
32;25/05/2005 4:06;3832;230;25/05/2005 23:55;1;15/02/2006 21:30
33;25/05/2005 4:18;1681;272;27/05/2005 3:58;1;15/02/2006 21:30
34;25/05/2005 4:19;2613;597;29/05/2005 0:10;2;15/02/2006 21:30
35;25/05/2005 4:24;1286;484;27/05/2005 7:02;2;15/02/2006 21:30
36;25/05/2005 4:36;1308;88;29/05/2005 0:31;1;15/02/2006 21:30
37;25/05/2005 4:44;403;535;29/05/2005 1:03;1;15/02/2006 21:30
38;25/05/2005 4:47;2540;302;01/06/2005 0:58;1;15/02/2006 21:30
39;25/05/2005 4:51;4466;207;31/05/2005 3:14;2;15/02/2006 21:30
40;25/05/2005 5:09;2638;413;27/05/2005 23:12;1;15/02/2006 21:30
41;25/05/2005 5:12;1761;174;02/06/2005 0:28;1;15/02/2006 21:30
42;25/05/2005 5:24;380;523;31/05/2005 2:47;2;15/02/2006 21:30
43;25/05/2005 5:39;2578;532;26/05/2005 6:54;2;15/02/2006 21:30
44;25/05/2005 5:53;3098;207;29/05/2005 10:56;2;15/02/2006 21:30
45;25/05/2005 5:59;1853;436;02/06/2005 9:56;2;15/02/2006 21:30
46;25/05/2005 6:04;3318;7;02/06/2005 8:18;2;15/02/2006 21:30
47;25/05/2005 6:05;2211;35;30/05/2005 3:04;1;15/02/2006 21:30
48;25/05/2005 6:20;1780;282;02/06/2005 5:42;1;15/02/2006 21:30
49;25/05/2005 6:39;2965;498;30/05/2005 10:12;2;15/02/2006 21:30
50;25/05/2005 6:44;1983;18;28/05/2005 11:28;2;15/02/2006 21:30
51;25/05/2005 6:49;1257;256;26/05/2005 6:42;1;15/02/2006 21:30
52;25/05/2005 6:51;4017;507;31/05/2005 1:27;2;15/02/2006 21:30
53;25/05/2005 7:19;1255;569;27/05/2005 5:19;2;15/02/2006 21:30
54;25/05/2005 7:23;2787;291;01/06/2005 5:05;2;15/02/2006 21:30
55;25/05/2005 8:26;1139;131;30/05/2005 10:57;1;15/02/2006 21:30
56;25/05/2005 8:28;1352;511;26/05/2005 14:21;1;15/02/2006 21:30
57;25/05/2005 8:43;3938;6;29/05/2005 6:42;2;15/02/2006 21:30
58;25/05/2005 8:53;3050;323;28/05/2005 14:40;1;15/02/2006 21:30
59;25/05/2005 8:56;2884;408;01/06/2005 9:52;1;15/02/2006 21:30
60;25/05/2005 8:58;330;470;30/05/2005 14:14;1;15/02/2006 21:30
61;25/05/2005 9:01;4210;250;02/06/2005 7:22;2;15/02/2006 21:30
62;25/05/2005 9:18;261;419;30/05/2005 10:55;1;15/02/2006 21:30
63;25/05/2005 9:19;4008;383;27/05/2005 4:24;1;15/02/2006 21:30
64;25/05/2005 9:21;79;368;03/06/2005 11:31;1;15/02/2006 21:30
65;25/05/2005 9:32;3552;346;29/05/2005 14:21;1;15/02/2006 21:30
66;25/05/2005 9:35;1162;86;29/05/2005 4:16;2;15/02/2006 21:30
67;25/05/2005 9:41;239;119;27/05/2005 13:46;2;15/02/2006 21:30
68;25/05/2005 9:47;4029;120;31/05/2005 10:20;2;15/02/2006 21:30
69;25/05/2005 10:10;3207;305;27/05/2005 14:02;2;15/02/2006 21:30
70;25/05/2005 10:15;2168;73;27/05/2005 5:56;2;15/02/2006 21:30
71;25/05/2005 10:26;2408;100;28/05/2005 4:59;1;15/02/2006 21:30
72;25/05/2005 10:52;2260;48;28/05/2005 5:52;2;15/02/2006 21:30
73;25/05/2005 11:00;517;391;01/06/2005 13:56;2;15/02/2006 21:30
74;25/05/2005 11:09;1744;265;26/05/2005 12:23;2;15/02/2006 21:30
75;25/05/2005 11:13;3393;510;03/06/2005 12:58;1;15/02/2006 21:30
76;25/05/2005 11:30;3021;1;03/06/2005 12:00;2;15/02/2006 21:30
77;25/05/2005 11:31;1303;451;26/05/2005 16:53;2;15/02/2006 21:30
78;25/05/2005 11:35;4067;135;31/05/2005 12:48;2;15/02/2006 21:30
79;25/05/2005 12:11;3299;245;03/06/2005 10:54;2;15/02/2006 21:30
80;25/05/2005 12:12;2478;314;31/05/2005 17:46;2;15/02/2006 21:30
81;25/05/2005 12:15;2610;286;02/06/2005 14:08;2;15/02/2006 21:30
82;25/05/2005 12:17;1388;427;01/06/2005 10:48;1;15/02/2006 21:30
83;25/05/2005 12:30;466;131;27/05/2005 15:40;1;15/02/2006 21:30
84;25/05/2005 12:36;1829;492;29/05/2005 18:33;1;15/02/2006 21:30
85;25/05/2005 13:05;470;414;29/05/2005 16:53;1;15/02/2006 21:30
86;25/05/2005 13:36;2275;266;30/05/2005 14:53;1;15/02/2006 21:30
87;25/05/2005 13:52;1586;331;29/05/2005 11:12;2;15/02/2006 21:30
88;25/05/2005 14:13;2221;53;29/05/2005 9:32;2;15/02/2006 21:30
89;25/05/2005 14:28;2181;499;29/05/2005 14:33;1;15/02/2006 21:30
90;25/05/2005 14:31;2984;25;01/06/2005 10:07;1;15/02/2006 21:30
91;25/05/2005 14:57;139;267;01/06/2005 18:32;1;15/02/2006 21:30
92;25/05/2005 15:38;775;302;31/05/2005 13:40;2;15/02/2006 21:30
93;25/05/2005 15:54;4360;288;03/06/2005 20:18;1;15/02/2006 21:30
94;25/05/2005 16:03;1675;197;30/05/2005 14:23;1;15/02/2006 21:30
95;25/05/2005 16:12;178;400;02/06/2005 18:55;2;15/02/2006 21:30
96;25/05/2005 16:32;3418;49;30/05/2005 10:47;2;15/02/2006 21:30
97;25/05/2005 16:34;1283;263;28/05/2005 12:13;2;15/02/2006 21:30
98;25/05/2005 16:48;2970;269;27/05/2005 11:29;2;15/02/2006 21:30
99;25/05/2005 16:50;535;44;28/05/2005 18:52;1;15/02/2006 21:30
100;25/05/2005 16:50;2599;208;02/06/2005 22:11;1;15/02/2006 21:30
101;25/05/2005 17:17;617;468;31/05/2005 19:47;1;15/02/2006 21:30
102;25/05/2005 17:22;373;343;31/05/2005 19:47;1;15/02/2006 21:30
103;25/05/2005 17:30;3343;384;03/06/2005 22:36;1;15/02/2006 21:30
104;25/05/2005 17:46;4281;310;27/05/2005 15:20;1;15/02/2006 21:30
105;25/05/2005 17:54;794;108;30/05/2005 12:03;2;15/02/2006 21:30
106;25/05/2005 18:18;3627;196;04/06/2005 0:01;2;15/02/2006 21:30
107;25/05/2005 18:28;2833;317;03/06/2005 22:46;2;15/02/2006 21:30
108;25/05/2005 18:30;3289;242;30/05/2005 19:40;1;15/02/2006 21:30
109;25/05/2005 18:40;1044;503;29/05/2005 20:39;2;15/02/2006 21:30
110;25/05/2005 18:43;4108;19;03/06/2005 18:13;2;15/02/2006 21:30
111;25/05/2005 18:45;3725;227;28/05/2005 17:18;1;15/02/2006 21:30
112;25/05/2005 18:57;2153;500;02/06/2005 20:44;1;15/02/2006 21:30
113;25/05/2005 19:07;2963;93;27/05/2005 22:16;2;15/02/2006 21:30
114;25/05/2005 19:12;4502;506;01/06/2005 23:10;1;15/02/2006 21:30
115;25/05/2005 19:13;749;455;29/05/2005 20:17;1;15/02/2006 21:30
116;25/05/2005 19:27;4453;18;26/05/2005 16:23;1;15/02/2006 21:30
117;25/05/2005 19:30;4278;7;31/05/2005 23:59;2;15/02/2006 21:30
118;25/05/2005 19:31;872;524;31/05/2005 15:00;1;15/02/2006 21:30
119;25/05/2005 19:37;1359;51;29/05/2005 23:51;2;15/02/2006 21:30
120;25/05/2005 19:37;37;365;01/06/2005 23:29;2;15/02/2006 21:30
121;25/05/2005 19:41;1053;405;29/05/2005 21:31;1;15/02/2006 21:30
122;25/05/2005 19:46;2908;273;02/06/2005 19:07;1;15/02/2006 21:30
123;25/05/2005 20:26;1795;43;26/05/2005 19:41;1;15/02/2006 21:30
124;25/05/2005 20:46;212;246;30/05/2005 0:47;2;15/02/2006 21:30
125;25/05/2005 20:48;952;368;02/06/2005 21:39;1;15/02/2006 21:30
126;25/05/2005 21:07;2047;439;28/05/2005 18:51;1;15/02/2006 21:30
127;25/05/2005 21:10;2026;94;02/06/2005 21:38;1;15/02/2006 21:30
128;25/05/2005 21:19;4322;40;29/05/2005 23:34;1;15/02/2006 21:30
129;25/05/2005 21:20;4154;23;04/06/2005 1:25;2;15/02/2006 21:30
130;25/05/2005 21:21;3990;56;30/05/2005 22:41;2;15/02/2006 21:30
131;25/05/2005 21:42;815;325;30/05/2005 23:25;2;15/02/2006 21:30
132;25/05/2005 21:46;3367;479;31/05/2005 21:02;1;15/02/2006 21:30
133;25/05/2005 21:48;399;237;30/05/2005 0:26;2;15/02/2006 21:30
134;25/05/2005 21:48;2272;222;02/06/2005 18:28;1;15/02/2006 21:30
135;25/05/2005 21:58;103;304;03/06/2005 17:50;1;15/02/2006 21:30
136;25/05/2005 22:02;2296;504;31/05/2005 18:06;1;15/02/2006 21:30
137;25/05/2005 22:25;2591;560;01/06/2005 2:30;2;15/02/2006 21:30
138;25/05/2005 22:48;4134;586;29/05/2005 20:21;2;15/02/2006 21:30
139;25/05/2005 23:00;327;257;29/05/2005 17:12;1;15/02/2006 21:30
140;25/05/2005 23:34;655;354;27/05/2005 1:10;1;15/02/2006 21:30
141;25/05/2005 23:34;811;89;02/06/2005 1:57;1;15/02/2006 21:30
142;25/05/2005 23:43;4407;472;29/05/2005 0:46;2;15/02/2006 21:30
143;25/05/2005 23:45;847;297;27/05/2005 21:41;2;15/02/2006 21:30
144;25/05/2005 23:49;1689;357;01/06/2005 21:41;2;15/02/2006 21:30
145;25/05/2005 23:59;3905;82;31/05/2005 2:56;1;15/02/2006 21:30
146;26/05/2005 0:07;1431;433;04/06/2005 0:20;2;15/02/2006 21:30
147;26/05/2005 0:17;633;274;29/05/2005 23:21;2;15/02/2006 21:30
148;26/05/2005 0:25;4252;142;01/06/2005 19:29;2;15/02/2006 21:30
149;26/05/2005 0:28;1084;319;02/06/2005 21:30;2;15/02/2006 21:30
150;26/05/2005 0:28;909;429;01/06/2005 2:10;2;15/02/2006 21:30
151;26/05/2005 0:37;2942;14;30/05/2005 6:28;1;15/02/2006 21:30
152;26/05/2005 0:41;2622;57;03/06/2005 6:05;1;15/02/2006 21:30
153;26/05/2005 0:47;3888;348;27/05/2005 21:28;1;15/02/2006 21:30
154;26/05/2005 0:55;1354;185;29/05/2005 23:18;2;15/02/2006 21:30
155;26/05/2005 1:15;288;551;01/06/2005 0:03;1;15/02/2006 21:30
156;26/05/2005 1:19;3193;462;27/05/2005 23:43;1;15/02/2006 21:30
157;26/05/2005 1:25;887;344;26/05/2005 21:17;2;15/02/2006 21:30
158;26/05/2005 1:27;2395;354;03/06/2005 0:30;2;15/02/2006 21:30
159;26/05/2005 1:34;3453;505;29/05/2005 4:00;1;15/02/2006 21:30
160;26/05/2005 1:46;1885;290;01/06/2005 5:45;1;15/02/2006 21:30
161;26/05/2005 1:51;2941;182;27/05/2005 5:42;1;15/02/2006 21:30
162;26/05/2005 2:02;1229;296;27/05/2005 3:38;2;15/02/2006 21:30
163;26/05/2005 2:26;2306;104;04/06/2005 6:36;1;15/02/2006 21:30
164;26/05/2005 2:26;1070;151;28/05/2005 0:32;1;15/02/2006 21:30
165;26/05/2005 2:28;2735;33;02/06/2005 3:21;1;15/02/2006 21:30
166;26/05/2005 2:49;3894;322;31/05/2005 1:28;1;15/02/2006 21:30
167;26/05/2005 2:50;865;401;27/05/2005 3:07;1;15/02/2006 21:30
168;26/05/2005 3:07;2714;469;02/06/2005 2:09;2;15/02/2006 21:30
169;26/05/2005 3:09;1758;381;27/05/2005 1:37;2;15/02/2006 21:30
170;26/05/2005 3:11;3688;107;02/06/2005 3:53;1;15/02/2006 21:30
171;26/05/2005 3:14;4483;400;03/06/2005 0:24;2;15/02/2006 21:30
172;26/05/2005 3:17;2873;176;29/05/2005 4:11;2;15/02/2006 21:30
173;26/05/2005 3:42;3596;533;28/05/2005 1:37;2;15/02/2006 21:30
174;26/05/2005 3:44;3954;552;28/05/2005 7:13;2;15/02/2006 21:30
175;26/05/2005 3:46;4346;47;03/06/2005 6:01;2;15/02/2006 21:30
176;26/05/2005 3:47;851;250;01/06/2005 2:36;2;15/02/2006 21:30
177;26/05/2005 4:14;3545;548;01/06/2005 8:16;2;15/02/2006 21:30
178;26/05/2005 4:21;1489;196;04/06/2005 7:09;2;15/02/2006 21:30
179;26/05/2005 4:26;2575;19;03/06/2005 10:06;1;15/02/2006 21:30
180;26/05/2005 4:46;2752;75;01/06/2005 9:58;1;15/02/2006 21:30
181;26/05/2005 4:47;2417;587;29/05/2005 6:34;2;15/02/2006 21:30
182;26/05/2005 4:49;4396;237;01/06/2005 5:43;2;15/02/2006 21:30
183;26/05/2005 5:01;2877;254;01/06/2005 9:04;1;15/02/2006 21:30
184;26/05/2005 5:29;1970;556;28/05/2005 10:10;1;15/02/2006 21:30
185;26/05/2005 5:30;2598;125;02/06/2005 9:48;2;15/02/2006 21:30
186;26/05/2005 5:32;1799;468;03/06/2005 7:19;2;15/02/2006 21:30
187;26/05/2005 5:42;4004;515;04/06/2005 0:38;1;15/02/2006 21:30
188;26/05/2005 5:47;3342;243;26/05/2005 23:48;1;15/02/2006 21:30
189;26/05/2005 6:01;984;247;27/05/2005 6:11;1;15/02/2006 21:30
190;26/05/2005 6:11;3962;533;01/06/2005 9:44;1;15/02/2006 21:30
191;26/05/2005 6:14;4365;412;28/05/2005 5:33;1;15/02/2006 21:30
192;26/05/2005 6:20;1897;437;02/06/2005 10:57;1;15/02/2006 21:30
193;26/05/2005 6:41;3900;270;30/05/2005 6:21;2;15/02/2006 21:30
194;26/05/2005 6:52;1337;29;30/05/2005 4:08;2;15/02/2006 21:30
195;26/05/2005 6:52;506;564;31/05/2005 2:47;2;15/02/2006 21:30
196;26/05/2005 6:55;190;184;27/05/2005 10:54;1;15/02/2006 21:30
197;26/05/2005 6:59;4212;546;03/06/2005 5:04;2;15/02/2006 21:30
198;26/05/2005 7:03;1789;54;04/06/2005 11:45;1;15/02/2006 21:30
199;26/05/2005 7:11;2135;71;28/05/2005 9:06;1;15/02/2006 21:30
200;26/05/2005 7:12;3926;321;31/05/2005 12:07;1;15/02/2006 21:30
201;26/05/2005 7:13;776;444;04/06/2005 2:02;2;15/02/2006 21:30
202;26/05/2005 7:27;674;20;02/06/2005 3:52;1;15/02/2006 21:30
203;26/05/2005 7:27;3374;109;03/06/2005 12:52;1;15/02/2006 21:30
204;26/05/2005 7:30;1842;528;30/05/2005 8:11;1;15/02/2006 21:30
205;26/05/2005 7:59;303;114;29/05/2005 9:43;2;15/02/2006 21:30
206;26/05/2005 8:01;1717;345;27/05/2005 6:26;1;15/02/2006 21:30
207;26/05/2005 8:04;102;47;27/05/2005 9:32;2;15/02/2006 21:30
208;26/05/2005 8:10;3669;274;27/05/2005 3:55;1;15/02/2006 21:30
209;26/05/2005 8:14;729;379;27/05/2005 9:00;1;15/02/2006 21:30
210;26/05/2005 8:14;1801;391;27/05/2005 12:12;2;15/02/2006 21:30
211;26/05/2005 8:33;4005;170;28/05/2005 14:09;1;15/02/2006 21:30
212;26/05/2005 8:34;764;59;30/05/2005 12:46;2;15/02/2006 21:30
213;26/05/2005 8:44;1505;394;31/05/2005 12:33;2;15/02/2006 21:30
214;26/05/2005 8:48;1453;98;31/05/2005 4:06;2;15/02/2006 21:30
215;26/05/2005 9:02;679;197;28/05/2005 9:45;2;15/02/2006 21:30
216;26/05/2005 9:17;1398;91;03/06/2005 8:21;1;15/02/2006 21:30
217;26/05/2005 9:24;4395;121;31/05/2005 3:24;2;15/02/2006 21:30
218;26/05/2005 9:27;2291;309;04/06/2005 11:53;2;15/02/2006 21:30
219;26/05/2005 9:41;3074;489;28/05/2005 4:40;1;15/02/2006 21:30
220;26/05/2005 10:06;1259;542;01/06/2005 7:43;1;15/02/2006 21:30
221;26/05/2005 10:14;3578;143;29/05/2005 5:57;1;15/02/2006 21:30
222;26/05/2005 10:14;2745;83;31/05/2005 8:36;2;15/02/2006 21:30
223;26/05/2005 10:15;3121;460;30/05/2005 11:43;1;15/02/2006 21:30
224;26/05/2005 10:18;4285;318;04/06/2005 6:59;1;15/02/2006 21:30
225;26/05/2005 10:27;651;467;01/06/2005 7:01;2;15/02/2006 21:30
226;26/05/2005 10:44;4181;221;31/05/2005 13:26;2;15/02/2006 21:30
227;26/05/2005 10:51;214;301;30/05/2005 7:24;1;15/02/2006 21:30
228;26/05/2005 10:54;511;571;04/06/2005 9:39;1;15/02/2006 21:30
229;26/05/2005 11:19;1131;312;31/05/2005 11:56;2;15/02/2006 21:30
230;26/05/2005 11:31;1085;58;30/05/2005 15:22;1;15/02/2006 21:30
231;26/05/2005 11:31;4032;365;27/05/2005 7:27;1;15/02/2006 21:30
232;26/05/2005 11:38;2945;256;27/05/2005 8:42;2;15/02/2006 21:30
233;26/05/2005 11:43;715;531;28/05/2005 17:28;2;15/02/2006 21:30
234;26/05/2005 11:47;1321;566;03/06/2005 10:39;2;15/02/2006 21:30
235;26/05/2005 11:51;3537;119;04/06/2005 9:36;1;15/02/2006 21:30
236;26/05/2005 11:53;1265;446;28/05/2005 13:55;1;15/02/2006 21:30
237;26/05/2005 12:15;241;536;29/05/2005 18:10;1;15/02/2006 21:30
238;26/05/2005 12:30;503;211;27/05/2005 6:49;1;15/02/2006 21:30
239;26/05/2005 12:30;131;49;01/06/2005 13:26;2;15/02/2006 21:30
240;26/05/2005 12:40;3420;103;04/06/2005 7:22;1;15/02/2006 21:30
241;26/05/2005 12:49;4438;245;28/05/2005 11:43;2;15/02/2006 21:30
242;26/05/2005 13:05;2095;214;02/06/2005 15:26;1;15/02/2006 21:30
243;26/05/2005 13:06;1721;543;03/06/2005 17:28;2;15/02/2006 21:30
244;26/05/2005 13:40;1041;257;31/05/2005 11:58;1;15/02/2006 21:30
245;26/05/2005 13:46;3045;158;27/05/2005 9:58;2;15/02/2006 21:30
246;26/05/2005 13:57;2829;240;29/05/2005 10:12;2;15/02/2006 21:30
247;26/05/2005 14:01;4095;102;28/05/2005 13:38;2;15/02/2006 21:30
248;26/05/2005 14:07;1913;545;31/05/2005 14:03;2;15/02/2006 21:30
249;26/05/2005 14:19;2428;472;28/05/2005 17:47;2;15/02/2006 21:30
250;26/05/2005 14:30;368;539;27/05/2005 8:50;1;15/02/2006 21:30
251;26/05/2005 14:35;4352;204;29/05/2005 17:17;1;15/02/2006 21:30
252;26/05/2005 14:39;1203;187;02/06/2005 14:48;1;15/02/2006 21:30
253;26/05/2005 14:43;2969;416;27/05/2005 12:21;1;15/02/2006 21:30
254;26/05/2005 14:43;1835;390;31/05/2005 9:19;2;15/02/2006 21:30
255;26/05/2005 14:52;3264;114;27/05/2005 12:45;1;15/02/2006 21:30
256;26/05/2005 15:20;3194;436;31/05/2005 15:58;1;15/02/2006 21:30
257;26/05/2005 15:27;2570;373;29/05/2005 16:25;2;15/02/2006 21:30
258;26/05/2005 15:28;3534;502;30/05/2005 18:38;2;15/02/2006 21:30
259;26/05/2005 15:32;30;482;04/06/2005 15:27;2;15/02/2006 21:30
260;26/05/2005 15:42;435;21;31/05/2005 13:21;2;15/02/2006 21:30
261;26/05/2005 15:44;1369;414;02/06/2005 9:47;2;15/02/2006 21:30
262;26/05/2005 15:46;4261;236;28/05/2005 15:49;2;15/02/2006 21:30
263;26/05/2005 15:47;1160;449;30/05/2005 10:07;2;15/02/2006 21:30
264;26/05/2005 16:00;2069;251;27/05/2005 10:12;2;15/02/2006 21:30
265;26/05/2005 16:07;2276;303;01/06/2005 14:20;1;15/02/2006 21:30
266;26/05/2005 16:08;3303;263;27/05/2005 10:55;2;15/02/2006 21:30
267;26/05/2005 16:16;1206;417;30/05/2005 16:53;2;15/02/2006 21:30
268;26/05/2005 16:19;1714;75;27/05/2005 14:35;1;15/02/2006 21:30
269;26/05/2005 16:19;3501;322;27/05/2005 15:59;2;15/02/2006 21:30
270;26/05/2005 16:20;207;200;03/06/2005 12:40;2;15/02/2006 21:30
271;26/05/2005 16:22;2388;92;03/06/2005 17:30;2;15/02/2006 21:30
272;26/05/2005 16:27;971;71;03/06/2005 13:10;2;15/02/2006 21:30
273;26/05/2005 16:29;1590;193;29/05/2005 18:49;2;15/02/2006 21:30
274;26/05/2005 16:48;656;311;03/06/2005 18:17;1;15/02/2006 21:30
275;26/05/2005 17:09;1718;133;04/06/2005 22:35;1;15/02/2006 21:30
276;26/05/2005 17:16;1221;58;03/06/2005 12:59;1;15/02/2006 21:30
277;26/05/2005 17:32;1409;45;28/05/2005 22:54;1;15/02/2006 21:30
278;26/05/2005 17:40;182;214;02/06/2005 16:43;2;15/02/2006 21:30
279;26/05/2005 18:02;661;384;03/06/2005 18:48;2;15/02/2006 21:30
280;26/05/2005 18:36;1896;167;27/05/2005 23:42;1;15/02/2006 21:30
281;26/05/2005 18:49;1208;582;27/05/2005 18:11;2;15/02/2006 21:30
282;26/05/2005 18:56;4486;282;01/06/2005 16:32;2;15/02/2006 21:30
283;26/05/2005 19:05;3530;242;31/05/2005 19:19;1;15/02/2006 21:30
284;26/05/2005 19:21;350;359;04/06/2005 14:18;2;15/02/2006 21:30
285;26/05/2005 19:41;2486;162;31/05/2005 16:58;2;15/02/2006 21:30
286;26/05/2005 19:44;314;371;04/06/2005 18:00;2;15/02/2006 21:30
287;26/05/2005 19:44;3631;17;02/06/2005 1:10;1;15/02/2006 21:30
288;26/05/2005 19:47;3546;82;03/06/2005 20:53;2;15/02/2006 21:30
289;26/05/2005 20:01;2449;81;28/05/2005 15:09;1;15/02/2006 21:30
290;26/05/2005 20:08;2776;429;30/05/2005 0:32;1;15/02/2006 21:30
291;26/05/2005 20:20;485;577;03/06/2005 2:06;2;15/02/2006 21:30
292;26/05/2005 20:22;4264;515;05/06/2005 0:58;1;15/02/2006 21:30
293;26/05/2005 20:27;1828;158;03/06/2005 16:45;2;15/02/2006 21:30
294;26/05/2005 20:29;2751;369;28/05/2005 17:20;1;15/02/2006 21:30
295;26/05/2005 20:33;4030;65;27/05/2005 18:23;2;15/02/2006 21:30
296;26/05/2005 20:35;3878;468;04/06/2005 2:31;2;15/02/2006 21:30
297;26/05/2005 20:48;1594;48;27/05/2005 19:52;2;15/02/2006 21:30
298;26/05/2005 20:52;1083;460;29/05/2005 22:08;2;15/02/2006 21:30
299;26/05/2005 20:55;4376;448;28/05/2005 0:25;2;15/02/2006 21:30
300;26/05/2005 20:57;249;47;05/06/2005 1:34;2;15/02/2006 21:30
301;26/05/2005 21:06;3448;274;01/06/2005 1:54;2;15/02/2006 21:30
302;26/05/2005 21:13;2921;387;03/06/2005 15:49;2;15/02/2006 21:30
303;26/05/2005 21:16;1111;596;27/05/2005 23:41;2;15/02/2006 21:30
304;26/05/2005 21:21;1701;534;02/06/2005 0:05;1;15/02/2006 21:30
305;26/05/2005 21:22;2665;464;02/06/2005 22:33;2;15/02/2006 21:30
306;26/05/2005 21:31;2781;547;28/05/2005 19:37;1;15/02/2006 21:30
307;26/05/2005 21:48;1097;375;04/06/2005 22:24;1;15/02/2006 21:30
308;26/05/2005 22:01;187;277;04/06/2005 20:24;2;15/02/2006 21:30
309;26/05/2005 22:38;1946;251;02/06/2005 3:10;2;15/02/2006 21:30
310;26/05/2005 22:41;593;409;02/06/2005 4:09;1;15/02/2006 21:30
311;26/05/2005 22:51;2830;201;01/06/2005 0:02;1;15/02/2006 21:30
312;26/05/2005 22:52;2008;143;02/06/2005 18:14;2;15/02/2006 21:30
313;26/05/2005 22:56;4156;594;29/05/2005 1:29;2;15/02/2006 21:30
314;26/05/2005 23:09;2851;203;28/05/2005 22:49;2;15/02/2006 21:30
315;26/05/2005 23:12;2847;238;29/05/2005 23:33;1;15/02/2006 21:30
316;26/05/2005 23:22;3828;249;29/05/2005 23:25;2;15/02/2006 21:30
317;26/05/2005 23:23;26;391;01/06/2005 19:56;2;15/02/2006 21:30
318;26/05/2005 23:37;2559;60;03/06/2005 4:31;2;15/02/2006 21:30
319;26/05/2005 23:52;3024;77;30/05/2005 18:55;1;15/02/2006 21:30
320;27/05/2005 0:09;1090;2;28/05/2005 4:30;2;15/02/2006 21:30
322;27/05/2005 0:47;4556;496;02/06/2005 0:32;1;15/02/2006 21:30
323;27/05/2005 0:49;2362;144;30/05/2005 3:12;1;15/02/2006 21:30
324;27/05/2005 1:00;3364;292;30/05/2005 4:27;1;15/02/2006 21:30
325;27/05/2005 1:09;2510;449;31/05/2005 7:01;2;15/02/2006 21:30
326;27/05/2005 1:10;3979;432;04/06/2005 20:25;2;15/02/2006 21:30
327;27/05/2005 1:18;2678;105;04/06/2005 4:06;1;15/02/2006 21:30
328;27/05/2005 1:29;2524;451;01/06/2005 2:27;1;15/02/2006 21:30
329;27/05/2005 1:57;2659;231;31/05/2005 4:19;2;15/02/2006 21:30
330;27/05/2005 2:15;1536;248;04/06/2005 5:09;2;15/02/2006 21:30
331;27/05/2005 2:22;1872;67;05/06/2005 0:25;1;15/02/2006 21:30
332;27/05/2005 2:27;1529;299;03/06/2005 1:26;2;15/02/2006 21:30
333;27/05/2005 2:52;4001;412;01/06/2005 0:55;2;15/02/2006 21:30
334;27/05/2005 3:03;3973;194;29/05/2005 3:54;1;15/02/2006 21:30
335;27/05/2005 3:07;1411;16;05/06/2005 0:15;2;15/02/2006 21:30
336;27/05/2005 3:15;1811;275;29/05/2005 22:43;1;15/02/2006 21:30
337;27/05/2005 3:22;751;19;02/06/2005 3:27;1;15/02/2006 21:30
338;27/05/2005 3:42;2596;165;01/06/2005 5:23;2;15/02/2006 21:30
339;27/05/2005 3:47;2410;516;04/06/2005 5:46;2;15/02/2006 21:30
340;27/05/2005 3:55;946;209;04/06/2005 7:57;2;15/02/2006 21:30
341;27/05/2005 4:01;4168;56;05/06/2005 8:51;1;15/02/2006 21:30
342;27/05/2005 4:11;4019;539;29/05/2005 1:28;2;15/02/2006 21:30
343;27/05/2005 4:13;3301;455;28/05/2005 8:34;1;15/02/2006 21:30
344;27/05/2005 4:30;2327;236;29/05/2005 10:13;2;15/02/2006 21:30
345;27/05/2005 4:32;1396;144;31/05/2005 9:50;1;15/02/2006 21:30
346;27/05/2005 4:34;4319;14;05/06/2005 4:24;2;15/02/2006 21:30
347;27/05/2005 4:40;1625;378;28/05/2005 9:56;2;15/02/2006 21:30
348;27/05/2005 4:50;1825;473;01/06/2005 4:43;1;15/02/2006 21:30
349;27/05/2005 4:53;2920;36;28/05/2005 6:33;2;15/02/2006 21:30
350;27/05/2005 5:01;2756;9;04/06/2005 5:01;2;15/02/2006 21:30
351;27/05/2005 5:39;3371;118;01/06/2005 11:10;1;15/02/2006 21:30
352;27/05/2005 5:48;4369;157;29/05/2005 9:05;1;15/02/2006 21:30
353;27/05/2005 6:03;3989;503;03/06/2005 4:39;2;15/02/2006 21:30
354;27/05/2005 6:12;2058;452;01/06/2005 6:48;1;15/02/2006 21:30
355;27/05/2005 6:15;141;446;01/06/2005 2:50;2;15/02/2006 21:30
356;27/05/2005 6:32;2868;382;30/05/2005 6:24;2;15/02/2006 21:30
357;27/05/2005 6:37;4417;198;30/05/2005 7:04;2;15/02/2006 21:30
358;27/05/2005 6:43;1925;102;29/05/2005 11:28;2;15/02/2006 21:30
359;27/05/2005 6:48;1156;152;29/05/2005 3:55;1;15/02/2006 21:30
360;27/05/2005 6:51;3489;594;03/06/2005 1:58;1;15/02/2006 21:30
361;27/05/2005 7:03;6;587;31/05/2005 8:01;1;15/02/2006 21:30
362;27/05/2005 7:10;2324;147;01/06/2005 8:34;1;15/02/2006 21:30
363;27/05/2005 7:14;4282;345;28/05/2005 12:22;2;15/02/2006 21:30
364;27/05/2005 7:20;833;430;31/05/2005 10:44;2;15/02/2006 21:30
365;27/05/2005 7:31;2887;167;04/06/2005 4:46;1;15/02/2006 21:30
366;27/05/2005 7:33;360;134;04/06/2005 1:55;2;15/02/2006 21:30
367;27/05/2005 7:37;3437;439;30/05/2005 5:43;2;15/02/2006 21:30
368;27/05/2005 7:42;1247;361;04/06/2005 11:20;2;15/02/2006 21:30
369;27/05/2005 7:46;944;508;01/06/2005 6:20;2;15/02/2006 21:30
370;27/05/2005 7:49;3347;22;05/06/2005 6:39;2;15/02/2006 21:30
371;27/05/2005 8:08;1235;295;05/06/2005 3:05;2;15/02/2006 21:30
372;27/05/2005 8:13;4089;510;04/06/2005 3:50;2;15/02/2006 21:30
373;27/05/2005 8:16;1649;464;01/06/2005 11:41;1;15/02/2006 21:30
374;27/05/2005 8:26;4420;337;05/06/2005 7:13;1;15/02/2006 21:30
375;27/05/2005 8:49;1815;306;04/06/2005 14:11;1;15/02/2006 21:30
376;27/05/2005 8:58;3197;542;02/06/2005 4:48;1;15/02/2006 21:30
377;27/05/2005 9:04;3012;170;02/06/2005 3:36;2;15/02/2006 21:30
378;27/05/2005 9:23;2242;53;29/05/2005 15:20;1;15/02/2006 21:30
379;27/05/2005 9:25;3462;584;02/06/2005 6:19;1;15/02/2006 21:30
380;27/05/2005 9:34;1777;176;04/06/2005 11:45;1;15/02/2006 21:30
381;27/05/2005 9:43;2748;371;31/05/2005 12:00;1;15/02/2006 21:30
382;27/05/2005 10:12;4358;183;31/05/2005 15:03;1;15/02/2006 21:30
383;27/05/2005 10:12;955;298;03/06/2005 10:37;1;15/02/2006 21:30
384;27/05/2005 10:18;910;371;02/06/2005 9:21;2;15/02/2006 21:30
385;27/05/2005 10:23;1565;213;30/05/2005 15:27;2;15/02/2006 21:30
386;27/05/2005 10:26;1288;109;30/05/2005 8:32;1;15/02/2006 21:30
387;27/05/2005 10:35;2684;506;01/06/2005 13:37;2;15/02/2006 21:30
388;27/05/2005 10:37;434;28;30/05/2005 5:45;1;15/02/2006 21:30
389;27/05/2005 10:45;691;500;05/06/2005 6:22;2;15/02/2006 21:30
390;27/05/2005 11:02;3759;48;02/06/2005 16:09;2;15/02/2006 21:30
391;27/05/2005 11:03;2193;197;01/06/2005 11:59;2;15/02/2006 21:30
392;27/05/2005 11:14;263;359;01/06/2005 14:28;2;15/02/2006 21:30
393;27/05/2005 11:18;145;251;28/05/2005 7:10;2;15/02/2006 21:30
394;27/05/2005 11:26;1890;274;03/06/2005 16:44;2;15/02/2006 21:30
395;27/05/2005 11:45;752;575;31/05/2005 13:42;1;15/02/2006 21:30
396;27/05/2005 11:47;1020;112;29/05/2005 10:14;1;15/02/2006 21:30
397;27/05/2005 12:29;4193;544;28/05/2005 17:36;2;15/02/2006 21:30
398;27/05/2005 12:44;1686;422;02/06/2005 8:19;1;15/02/2006 21:30
399;27/05/2005 12:48;553;204;29/05/2005 15:27;1;15/02/2006 21:30
400;27/05/2005 12:51;258;249;31/05/2005 8:34;2;15/02/2006 21:30
401;27/05/2005 12:57;2179;46;29/05/2005 17:55;2;15/02/2006 21:30
402;27/05/2005 13:17;461;354;30/05/2005 8:53;2;15/02/2006 21:30
403;27/05/2005 13:28;3983;424;29/05/2005 11:47;2;15/02/2006 21:30
404;27/05/2005 13:31;1293;168;30/05/2005 16:58;1;15/02/2006 21:30
405;27/05/2005 13:32;4090;272;05/06/2005 18:53;2;15/02/2006 21:30
406;27/05/2005 13:46;2136;381;30/05/2005 12:43;1;15/02/2006 21:30
407;27/05/2005 13:57;1077;44;31/05/2005 18:23;1;15/02/2006 21:30
408;27/05/2005 13:57;1438;84;28/05/2005 11:57;1;15/02/2006 21:30
409;27/05/2005 14:10;3652;220;02/06/2005 10:40;2;15/02/2006 21:30
410;27/05/2005 14:11;4010;506;02/06/2005 20:06;2;15/02/2006 21:30
411;27/05/2005 14:14;1434;388;03/06/2005 17:39;1;15/02/2006 21:30
412;27/05/2005 14:17;1400;375;29/05/2005 15:07;2;15/02/2006 21:30
413;27/05/2005 14:45;3516;307;03/06/2005 11:11;1;15/02/2006 21:30
414;27/05/2005 14:48;1019;219;31/05/2005 14:39;2;15/02/2006 21:30
415;27/05/2005 14:51;3698;304;28/05/2005 19:07;2;15/02/2006 21:30
416;27/05/2005 15:02;2371;222;29/05/2005 10:34;2;15/02/2006 21:30
417;27/05/2005 15:07;2253;475;29/05/2005 20:01;2;15/02/2006 21:30
418;27/05/2005 15:13;3063;151;04/06/2005 12:05;2;15/02/2006 21:30
419;27/05/2005 15:15;2514;77;02/06/2005 11:53;1;15/02/2006 21:30
420;27/05/2005 15:19;619;93;03/06/2005 15:07;2;15/02/2006 21:30
421;27/05/2005 15:30;2985;246;04/06/2005 13:19;2;15/02/2006 21:30
422;27/05/2005 15:31;1152;150;01/06/2005 11:47;2;15/02/2006 21:30
423;27/05/2005 15:32;1783;284;02/06/2005 19:03;1;15/02/2006 21:30
424;27/05/2005 15:34;2815;35;05/06/2005 9:44;1;15/02/2006 21:30
425;27/05/2005 15:51;1518;182;03/06/2005 16:52;2;15/02/2006 21:30
426;27/05/2005 15:56;1103;522;05/06/2005 11:45;1;15/02/2006 21:30
427;27/05/2005 16:10;1677;288;05/06/2005 13:22;2;15/02/2006 21:30
428;27/05/2005 16:10;3349;161;31/05/2005 17:24;2;15/02/2006 21:30
429;27/05/2005 16:21;129;498;05/06/2005 20:23;2;15/02/2006 21:30
430;27/05/2005 16:22;1920;190;05/06/2005 13:10;1;15/02/2006 21:30
431;27/05/2005 16:31;4507;334;05/06/2005 11:29;1;15/02/2006 21:30
432;27/05/2005 16:40;1119;46;29/05/2005 16:20;1;15/02/2006 21:30
433;27/05/2005 16:40;4364;574;30/05/2005 19:55;2;15/02/2006 21:30
434;27/05/2005 16:54;3360;246;04/06/2005 22:26;1;15/02/2006 21:30
435;27/05/2005 17:17;3328;3;02/06/2005 11:20;2;15/02/2006 21:30
436;27/05/2005 17:21;4317;267;30/05/2005 21:26;2;15/02/2006 21:30
437;27/05/2005 17:47;1800;525;05/06/2005 14:22;2;15/02/2006 21:30
438;27/05/2005 17:52;4260;249;05/06/2005 22:23;2;15/02/2006 21:30
439;27/05/2005 17:54;354;319;02/06/2005 23:01;2;15/02/2006 21:30
440;27/05/2005 18:00;4452;314;29/05/2005 16:15;1;15/02/2006 21:30
441;27/05/2005 18:11;1578;54;30/05/2005 22:45;1;15/02/2006 21:30
442;27/05/2005 18:12;1457;403;30/05/2005 12:30;2;15/02/2006 21:30
443;27/05/2005 18:35;2021;547;04/06/2005 18:58;1;15/02/2006 21:30
444;27/05/2005 18:39;723;239;01/06/2005 15:56;1;15/02/2006 21:30
445;27/05/2005 18:42;1757;293;30/05/2005 22:35;2;15/02/2006 21:30
446;27/05/2005 18:48;1955;401;03/06/2005 16:42;2;15/02/2006 21:30
447;27/05/2005 18:57;3890;133;05/06/2005 18:38;1;15/02/2006 21:30
448;27/05/2005 19:03;2671;247;03/06/2005 20:28;2;15/02/2006 21:30
449;27/05/2005 19:13;2469;172;04/06/2005 1:08;2;15/02/2006 21:30
450;27/05/2005 19:18;1343;247;05/06/2005 23:52;1;15/02/2006 21:30
451;27/05/2005 19:27;205;87;29/05/2005 1:07;2;15/02/2006 21:30
452;27/05/2005 19:30;2993;127;30/05/2005 20:53;2;15/02/2006 21:30
453;27/05/2005 19:31;4425;529;29/05/2005 23:06;1;15/02/2006 21:30
454;27/05/2005 19:31;3499;575;30/05/2005 15:46;1;15/02/2006 21:30
455;27/05/2005 19:43;3344;343;04/06/2005 23:40;2;15/02/2006 21:30
456;27/05/2005 19:50;1699;92;02/06/2005 22:14;1;15/02/2006 21:30
457;27/05/2005 19:52;2368;300;02/06/2005 17:17;2;15/02/2006 21:30
458;27/05/2005 19:58;3350;565;06/06/2005 0:51;1;15/02/2006 21:30
459;27/05/2005 20:00;597;468;29/05/2005 22:47;1;15/02/2006 21:30
460;27/05/2005 20:02;4238;240;28/05/2005 16:14;1;15/02/2006 21:30
461;27/05/2005 20:08;2077;447;01/06/2005 14:32;1;15/02/2006 21:30
462;27/05/2005 20:10;2314;364;03/06/2005 21:12;2;15/02/2006 21:30
463;27/05/2005 20:11;826;21;04/06/2005 21:18;1;15/02/2006 21:30
464;27/05/2005 20:42;1313;193;30/05/2005 0:49;2;15/02/2006 21:30
465;27/05/2005 20:44;20;261;02/06/2005 2:43;1;15/02/2006 21:30
466;27/05/2005 20:57;1786;442;29/05/2005 15:52;1;15/02/2006 21:30
467;27/05/2005 21:10;339;557;01/06/2005 16:08;1;15/02/2006 21:30
468;27/05/2005 21:13;2656;101;04/06/2005 15:26;2;15/02/2006 21:30
469;27/05/2005 21:14;4463;154;05/06/2005 21:51;1;15/02/2006 21:30
470;27/05/2005 21:17;1613;504;04/06/2005 17:47;1;15/02/2006 21:30
471;27/05/2005 21:32;2872;209;31/05/2005 0:39;2;15/02/2006 21:30
472;27/05/2005 21:36;1338;528;29/05/2005 21:07;1;15/02/2006 21:30
473;27/05/2005 21:36;802;105;05/06/2005 17:02;1;15/02/2006 21:30
474;27/05/2005 22:11;1474;274;31/05/2005 19:07;1;15/02/2006 21:30
475;27/05/2005 22:16;2520;159;28/05/2005 19:58;1;15/02/2006 21:30
476;27/05/2005 22:31;2451;543;03/06/2005 19:12;1;15/02/2006 21:30
477;27/05/2005 22:33;2437;161;02/06/2005 18:35;2;15/02/2006 21:30
478;27/05/2005 22:38;424;557;31/05/2005 18:39;2;15/02/2006 21:30
479;27/05/2005 22:39;2060;231;05/06/2005 22:46;2;15/02/2006 21:30
480;27/05/2005 22:47;2108;220;04/06/2005 21:17;2;15/02/2006 21:30
481;27/05/2005 22:49;72;445;30/05/2005 17:46;2;15/02/2006 21:30
482;27/05/2005 22:53;4178;546;01/06/2005 22:53;2;15/02/2006 21:30
483;27/05/2005 23:00;1510;32;28/05/2005 21:30;1;15/02/2006 21:30
484;27/05/2005 23:26;3115;491;29/05/2005 21:16;2;15/02/2006 21:30
485;27/05/2005 23:40;2392;105;28/05/2005 22:40;2;15/02/2006 21:30
486;27/05/2005 23:51;1822;398;28/05/2005 20:26;1;15/02/2006 21:30
487;28/05/2005 0:00;3774;569;28/05/2005 19:18;2;15/02/2006 21:30
488;28/05/2005 0:07;393;168;03/06/2005 22:30;2;15/02/2006 21:30
489;28/05/2005 0:09;1940;476;31/05/2005 4:44;2;15/02/2006 21:30
490;28/05/2005 0:09;3524;95;30/05/2005 22:32;2;15/02/2006 21:30
491;28/05/2005 0:13;1326;196;29/05/2005 0:11;2;15/02/2006 21:30
492;28/05/2005 0:24;1999;228;28/05/2005 22:34;1;15/02/2006 21:30
493;28/05/2005 0:34;184;501;30/05/2005 18:40;1;15/02/2006 21:30
494;28/05/2005 0:39;1850;64;02/06/2005 19:35;1;15/02/2006 21:30
495;28/05/2005 0:40;1007;526;29/05/2005 6:07;1;15/02/2006 21:30
496;28/05/2005 0:43;1785;56;04/06/2005 3:56;1;15/02/2006 21:30
497;28/05/2005 0:54;2636;20;03/06/2005 20:47;2;15/02/2006 21:30
498;28/05/2005 1:01;458;287;30/05/2005 21:20;2;15/02/2006 21:30
499;28/05/2005 1:05;2381;199;05/06/2005 19:54;2;15/02/2006 21:30
500;28/05/2005 1:05;4500;145;31/05/2005 20:04;1;15/02/2006 21:30
501;28/05/2005 1:09;601;162;30/05/2005 6:14;2;15/02/2006 21:30
502;28/05/2005 1:34;3131;179;31/05/2005 1:02;2;15/02/2006 21:30
503;28/05/2005 1:35;3005;288;28/05/2005 22:12;2;15/02/2006 21:30
504;28/05/2005 2:05;2086;170;30/05/2005 23:03;1;15/02/2006 21:30
505;28/05/2005 2:06;71;111;29/05/2005 6:57;1;15/02/2006 21:30
506;28/05/2005 2:09;667;469;05/06/2005 20:34;1;15/02/2006 21:30
507;28/05/2005 2:31;3621;421;02/06/2005 5:07;2;15/02/2006 21:30
508;28/05/2005 2:40;4179;434;05/06/2005 3:05;1;15/02/2006 21:30
509;28/05/2005 2:51;3416;147;31/05/2005 6:27;1;15/02/2006 21:30
510;28/05/2005 2:52;4338;113;30/05/2005 21:20;2;15/02/2006 21:30
511;28/05/2005 3:04;3827;296;03/06/2005 4:58;1;15/02/2006 21:30
512;28/05/2005 3:07;2176;231;05/06/2005 2:12;2;15/02/2006 21:30
513;28/05/2005 3:08;225;489;29/05/2005 7:22;1;15/02/2006 21:30
514;28/05/2005 3:09;1697;597;05/06/2005 0:49;2;15/02/2006 21:30
515;28/05/2005 3:10;3369;110;04/06/2005 2:18;2;15/02/2006 21:30
516;28/05/2005 3:11;4357;400;04/06/2005 2:19;1;15/02/2006 21:30
517;28/05/2005 3:17;234;403;29/05/2005 6:33;1;15/02/2006 21:30
518;28/05/2005 3:18;4087;480;30/05/2005 5:32;1;15/02/2006 21:30
519;28/05/2005 3:22;3564;245;03/06/2005 5:06;1;15/02/2006 21:30
520;28/05/2005 3:27;3845;161;04/06/2005 5:47;1;15/02/2006 21:30
521;28/05/2005 3:32;2397;374;28/05/2005 22:37;1;15/02/2006 21:30
522;28/05/2005 3:33;3195;382;31/05/2005 4:23;1;15/02/2006 21:30
523;28/05/2005 3:53;1905;138;31/05/2005 5:58;2;15/02/2006 21:30
524;28/05/2005 3:57;1962;223;31/05/2005 5:20;1;15/02/2006 21:30
525;28/05/2005 4:25;1817;14;06/06/2005 4:18;1;15/02/2006 21:30
526;28/05/2005 4:27;1387;408;30/05/2005 7:52;1;15/02/2006 21:30
527;28/05/2005 4:28;266;169;02/06/2005 8:19;1;15/02/2006 21:30
528;28/05/2005 4:30;1655;359;03/06/2005 10:01;2;15/02/2006 21:30
529;28/05/2005 4:34;2624;469;30/05/2005 0:35;1;15/02/2006 21:30
530;28/05/2005 5:13;3332;312;01/06/2005 10:21;2;15/02/2006 21:30
531;28/05/2005 5:23;1113;589;29/05/2005 8:00;2;15/02/2006 21:30
532;28/05/2005 5:36;2793;120;02/06/2005 1:50;1;15/02/2006 21:30
533;28/05/2005 6:14;4306;528;01/06/2005 6:26;2;15/02/2006 21:30
534;28/05/2005 6:15;992;184;06/06/2005 7:51;1;15/02/2006 21:30
535;28/05/2005 6:16;4209;307;31/05/2005 2:48;1;15/02/2006 21:30
536;28/05/2005 6:17;2962;514;03/06/2005 10:02;2;15/02/2006 21:30
537;28/05/2005 6:20;3095;315;05/06/2005 11:48;2;15/02/2006 21:30
538;28/05/2005 6:21;2262;110;02/06/2005 1:22;2;15/02/2006 21:30
539;28/05/2005 6:26;3427;161;30/05/2005 2:02;1;15/02/2006 21:30
540;28/05/2005 6:40;3321;119;06/06/2005 0:47;1;15/02/2006 21:30
541;28/05/2005 6:41;1662;535;02/06/2005 9:12;2;15/02/2006 21:30
542;28/05/2005 6:42;4444;261;03/06/2005 9:05;1;15/02/2006 21:30
543;28/05/2005 6:43;530;493;06/06/2005 7:16;2;15/02/2006 21:30
544;28/05/2005 7:03;2964;311;06/06/2005 6:23;1;15/02/2006 21:30
545;28/05/2005 7:10;1086;54;04/06/2005 1:47;2;15/02/2006 21:30
546;28/05/2005 7:16;487;20;01/06/2005 8:36;1;15/02/2006 21:30
547;28/05/2005 7:24;2065;506;06/06/2005 1:31;2;15/02/2006 21:30
548;28/05/2005 7:34;3704;450;05/06/2005 3:14;2;15/02/2006 21:30
549;28/05/2005 7:35;1818;159;02/06/2005 9:08;1;15/02/2006 21:30
550;28/05/2005 7:39;3632;432;06/06/2005 12:20;2;15/02/2006 21:30
551;28/05/2005 7:44;3119;315;02/06/2005 12:55;2;15/02/2006 21:30
552;28/05/2005 7:53;23;106;04/06/2005 12:45;2;15/02/2006 21:30
553;28/05/2005 8:14;1349;176;02/06/2005 3:01;2;15/02/2006 21:30
554;28/05/2005 8:23;1951;376;31/05/2005 3:29;2;15/02/2006 21:30
555;28/05/2005 8:31;4397;55;30/05/2005 7:34;2;15/02/2006 21:30
556;28/05/2005 8:31;1814;22;06/06/2005 7:29;2;15/02/2006 21:30
557;28/05/2005 8:36;158;444;03/06/2005 10:42;2;15/02/2006 21:30
558;28/05/2005 8:38;4163;442;06/06/2005 13:52;1;15/02/2006 21:30
559;28/05/2005 8:39;1227;572;05/06/2005 8:38;2;15/02/2006 21:30
560;28/05/2005 8:53;644;463;04/06/2005 12:27;2;15/02/2006 21:30
561;28/05/2005 8:54;928;77;05/06/2005 5:54;1;15/02/2006 21:30
562;28/05/2005 9:01;3390;102;02/06/2005 5:26;2;15/02/2006 21:30
563;28/05/2005 9:10;53;324;06/06/2005 11:32;1;15/02/2006 21:30
564;28/05/2005 9:12;2973;282;29/05/2005 5:07;1;15/02/2006 21:30
565;28/05/2005 9:26;1494;288;01/06/2005 7:28;1;15/02/2006 21:30
566;28/05/2005 9:51;4330;253;05/06/2005 9:35;1;15/02/2006 21:30
567;28/05/2005 9:56;3308;184;01/06/2005 6:41;2;15/02/2006 21:30
568;28/05/2005 9:57;2232;155;31/05/2005 15:44;1;15/02/2006 21:30
569;28/05/2005 10:12;4534;56;03/06/2005 10:08;2;15/02/2006 21:30
570;28/05/2005 10:15;1122;21;30/05/2005 8:32;1;15/02/2006 21:30
571;28/05/2005 10:17;4250;516;05/06/2005 7:56;1;15/02/2006 21:30
572;28/05/2005 10:30;1899;337;02/06/2005 5:04;2;15/02/2006 21:30
573;28/05/2005 10:35;4020;1;03/06/2005 6:32;1;15/02/2006 21:30
574;28/05/2005 10:44;3883;76;04/06/2005 11:42;1;15/02/2006 21:30
575;28/05/2005 10:56;4451;142;05/06/2005 15:39;1;15/02/2006 21:30
576;28/05/2005 10:56;1866;588;04/06/2005 13:15;2;15/02/2006 21:30
577;28/05/2005 11:09;375;6;01/06/2005 13:27;2;15/02/2006 21:30
578;28/05/2005 11:15;2938;173;02/06/2005 9:59;1;15/02/2006 21:30
579;28/05/2005 11:19;3481;181;02/06/2005 13:51;1;15/02/2006 21:30
580;28/05/2005 11:19;3515;17;01/06/2005 10:44;2;15/02/2006 21:30
581;28/05/2005 11:20;1380;186;04/06/2005 12:37;2;15/02/2006 21:30
582;28/05/2005 11:33;4579;198;29/05/2005 8:33;1;15/02/2006 21:30
583;28/05/2005 11:48;2679;386;04/06/2005 7:09;2;15/02/2006 21:30
584;28/05/2005 11:49;1833;69;01/06/2005 11:54;1;15/02/2006 21:30
585;28/05/2005 11:50;3544;490;03/06/2005 15:35;2;15/02/2006 21:30
586;28/05/2005 12:03;898;77;29/05/2005 13:16;1;15/02/2006 21:30
587;28/05/2005 12:05;1413;64;30/05/2005 13:45;2;15/02/2006 21:30
588;28/05/2005 12:08;95;89;29/05/2005 16:25;2;15/02/2006 21:30
589;28/05/2005 12:27;4231;308;03/06/2005 7:15;2;15/02/2006 21:30
590;28/05/2005 13:06;473;462;02/06/2005 9:18;1;15/02/2006 21:30
591;28/05/2005 13:11;377;19;29/05/2005 17:20;2;15/02/2006 21:30
592;28/05/2005 13:21;638;244;29/05/2005 16:55;1;15/02/2006 21:30
593;28/05/2005 13:33;1810;16;30/05/2005 17:10;2;15/02/2006 21:30
594;28/05/2005 13:41;2766;538;30/05/2005 12:00;1;15/02/2006 21:30
595;28/05/2005 13:59;595;294;05/06/2005 15:16;1;15/02/2006 21:30
596;28/05/2005 14:00;821;589;29/05/2005 17:10;1;15/02/2006 21:30
597;28/05/2005 14:01;4469;249;06/06/2005 19:06;2;15/02/2006 21:30
598;28/05/2005 14:04;599;159;03/06/2005 18:00;2;15/02/2006 21:30
599;28/05/2005 14:05;4136;393;01/06/2005 16:41;2;15/02/2006 21:30
600;28/05/2005 14:08;1567;332;03/06/2005 11:57;2;15/02/2006 21:30
601;28/05/2005 14:08;3225;429;04/06/2005 10:50;1;15/02/2006 21:30
602;28/05/2005 14:15;1300;590;05/06/2005 15:16;2;15/02/2006 21:30
603;28/05/2005 14:27;3248;537;29/05/2005 13:13;1;15/02/2006 21:30
604;28/05/2005 14:37;1585;426;03/06/2005 11:03;2;15/02/2006 21:30
605;28/05/2005 14:39;4232;501;01/06/2005 9:28;2;15/02/2006 21:30
606;28/05/2005 14:48;3509;299;04/06/2005 9:44;2;15/02/2006 21:30
607;28/05/2005 15:02;2561;554;30/05/2005 12:54;2;15/02/2006 21:30
608;28/05/2005 15:03;4254;494;04/06/2005 17:14;2;15/02/2006 21:30
609;28/05/2005 15:04;2944;150;05/06/2005 14:47;2;15/02/2006 21:30
610;28/05/2005 15:15;3642;500;02/06/2005 12:30;2;15/02/2006 21:30
611;28/05/2005 15:18;1230;580;31/05/2005 20:15;2;15/02/2006 21:30
612;28/05/2005 15:24;2180;161;30/05/2005 14:22;2;15/02/2006 21:30
613;28/05/2005 15:27;270;595;02/06/2005 20:01;1;15/02/2006 21:30
614;28/05/2005 15:33;280;307;04/06/2005 12:27;2;15/02/2006 21:30
615;28/05/2005 15:35;3397;533;03/06/2005 17:35;2;15/02/2006 21:30
616;28/05/2005 15:45;989;471;02/06/2005 9:55;1;15/02/2006 21:30
617;28/05/2005 15:49;4142;372;31/05/2005 14:29;2;15/02/2006 21:30
618;28/05/2005 15:50;4445;248;01/06/2005 19:45;1;15/02/2006 21:30
619;28/05/2005 15:52;2482;407;06/06/2005 17:55;2;15/02/2006 21:30
620;28/05/2005 15:54;2444;321;04/06/2005 20:26;1;15/02/2006 21:30
621;28/05/2005 15:58;1144;239;30/05/2005 21:54;1;15/02/2006 21:30
622;28/05/2005 15:58;2363;109;04/06/2005 10:13;1;15/02/2006 21:30
623;28/05/2005 16:01;1222;495;30/05/2005 11:19;1;15/02/2006 21:30
624;28/05/2005 16:13;3660;569;06/06/2005 20:35;1;15/02/2006 21:30
625;28/05/2005 16:35;2889;596;01/06/2005 14:19;1;15/02/2006 21:30
626;28/05/2005 16:58;452;584;01/06/2005 14:02;2;15/02/2006 21:30
627;28/05/2005 17:04;425;241;04/06/2005 19:58;2;15/02/2006 21:30
628;28/05/2005 17:05;2513;173;06/06/2005 16:29;2;15/02/2006 21:30
629;28/05/2005 17:19;1527;94;02/06/2005 20:01;2;15/02/2006 21:30
630;28/05/2005 17:24;1254;417;05/06/2005 20:05;2;15/02/2006 21:30
631;28/05/2005 17:36;2465;503;03/06/2005 14:56;2;15/02/2006 21:30
632;28/05/2005 17:37;1287;442;03/06/2005 16:04;1;15/02/2006 21:30
633;28/05/2005 17:37;58;360;03/06/2005 22:49;2;15/02/2006 21:30
634;28/05/2005 17:40;2630;428;05/06/2005 16:18;2;15/02/2006 21:30
635;28/05/2005 17:46;1648;42;06/06/2005 18:24;1;15/02/2006 21:30
636;28/05/2005 17:47;4213;239;04/06/2005 16:32;1;15/02/2006 21:30
637;28/05/2005 18:14;1581;250;29/05/2005 23:48;2;15/02/2006 21:30
638;28/05/2005 18:24;2685;372;02/06/2005 19:03;2;15/02/2006 21:30
639;28/05/2005 18:25;4204;198;29/05/2005 18:22;1;15/02/2006 21:30
640;28/05/2005 18:43;495;465;30/05/2005 13:39;1;15/02/2006 21:30
641;28/05/2005 18:45;3548;396;04/06/2005 15:24;1;15/02/2006 21:30
642;28/05/2005 18:49;140;157;01/06/2005 20:50;2;15/02/2006 21:30
643;28/05/2005 18:52;3105;240;31/05/2005 15:15;2;15/02/2006 21:30
644;28/05/2005 18:59;4304;316;04/06/2005 18:06;1;15/02/2006 21:30
645;28/05/2005 19:14;3128;505;05/06/2005 14:01;1;15/02/2006 21:30
646;28/05/2005 19:16;1922;185;31/05/2005 16:50;2;15/02/2006 21:30
647;28/05/2005 19:22;3435;569;01/06/2005 0:10;1;15/02/2006 21:30
648;28/05/2005 19:25;3476;253;03/06/2005 15:57;2;15/02/2006 21:30
649;28/05/2005 19:35;1781;197;05/06/2005 16:00;1;15/02/2006 21:30
650;28/05/2005 19:45;4384;281;29/05/2005 21:02;1;15/02/2006 21:30
651;28/05/2005 19:46;739;266;30/05/2005 16:29;1;15/02/2006 21:30
652;28/05/2005 20:08;1201;43;29/05/2005 14:57;2;15/02/2006 21:30
653;28/05/2005 20:12;126;327;04/06/2005 14:44;2;15/02/2006 21:30
654;28/05/2005 20:15;2312;23;30/05/2005 22:02;2;15/02/2006 21:30
655;28/05/2005 20:16;331;287;31/05/2005 16:46;2;15/02/2006 21:30
656;28/05/2005 20:18;2846;437;30/05/2005 16:19;1;15/02/2006 21:30
657;28/05/2005 20:23;848;65;01/06/2005 2:11;1;15/02/2006 21:30
658;28/05/2005 20:23;3226;103;06/06/2005 19:31;2;15/02/2006 21:30
659;28/05/2005 20:27;1382;207;31/05/2005 1:36;2;15/02/2006 21:30
660;28/05/2005 20:53;1414;578;30/05/2005 15:26;1;15/02/2006 21:30
661;28/05/2005 21:01;2247;51;02/06/2005 1:22;2;15/02/2006 21:30
662;28/05/2005 21:09;2968;166;01/06/2005 19:00;2;15/02/2006 21:30
663;28/05/2005 21:23;3997;176;02/06/2005 17:39;2;15/02/2006 21:30
664;28/05/2005 21:31;87;523;02/06/2005 20:56;2;15/02/2006 21:30
665;28/05/2005 21:38;1012;415;29/05/2005 21:37;1;15/02/2006 21:30
666;28/05/2005 21:48;3075;437;05/06/2005 16:45;2;15/02/2006 21:30
667;28/05/2005 21:49;797;596;31/05/2005 3:07;1;15/02/2006 21:30
668;28/05/2005 21:54;3528;484;29/05/2005 22:32;1;15/02/2006 21:30
669;28/05/2005 22:03;3677;313;03/06/2005 3:39;1;15/02/2006 21:30
670;28/05/2005 22:04;227;201;06/06/2005 22:43;2;15/02/2006 21:30
671;28/05/2005 22:04;1027;14;03/06/2005 1:21;2;15/02/2006 21:30
672;28/05/2005 22:05;697;306;06/06/2005 2:10;2;15/02/2006 21:30
673;28/05/2005 22:07;1769;468;01/06/2005 23:42;1;15/02/2006 21:30
674;28/05/2005 22:11;1150;87;01/06/2005 23:58;2;15/02/2006 21:30
675;28/05/2005 22:22;1273;338;01/06/2005 2:57;2;15/02/2006 21:30
676;28/05/2005 22:27;2329;490;29/05/2005 20:36;2;15/02/2006 21:30
677;28/05/2005 23:00;4558;194;05/06/2005 19:11;2;15/02/2006 21:30
678;28/05/2005 23:15;3741;269;03/06/2005 4:43;2;15/02/2006 21:30
679;28/05/2005 23:24;907;526;06/06/2005 21:59;2;15/02/2006 21:30
680;28/05/2005 23:27;4147;482;02/06/2005 2:28;2;15/02/2006 21:30
681;28/05/2005 23:39;3346;531;01/06/2005 1:42;1;15/02/2006 21:30
682;28/05/2005 23:53;3160;148;29/05/2005 19:14;2;15/02/2006 21:30
683;29/05/2005 0:09;2038;197;02/06/2005 4:27;1;15/02/2006 21:30
684;29/05/2005 0:13;3242;461;04/06/2005 21:26;2;15/02/2006 21:30
685;29/05/2005 0:17;1385;172;05/06/2005 5:32;2;15/02/2006 21:30
686;29/05/2005 0:27;2441;411;30/05/2005 2:29;1;15/02/2006 21:30
687;29/05/2005 0:32;1731;250;31/05/2005 23:53;1;15/02/2006 21:30
688;29/05/2005 0:45;4135;162;02/06/2005 1:30;1;15/02/2006 21:30
689;29/05/2005 0:46;742;571;03/06/2005 23:48;2;15/02/2006 21:30
690;29/05/2005 0:54;2646;85;06/06/2005 0:45;1;15/02/2006 21:30
691;29/05/2005 1:01;4034;433;07/06/2005 6:21;1;15/02/2006 21:30
692;29/05/2005 1:32;800;18;02/06/2005 3:54;2;15/02/2006 21:30
693;29/05/2005 1:42;635;190;03/06/2005 2:29;2;15/02/2006 21:30
694;29/05/2005 1:49;592;399;05/06/2005 6:52;1;15/02/2006 21:30
695;29/05/2005 1:50;4276;528;03/06/2005 2:28;1;15/02/2006 21:30
696;29/05/2005 1:59;2076;19;01/06/2005 2:45;1;15/02/2006 21:30
697;29/05/2005 2:04;3949;387;04/06/2005 0:47;2;15/02/2006 21:30
698;29/05/2005 2:10;1412;109;01/06/2005 21:52;1;15/02/2006 21:30
699;29/05/2005 2:11;130;246;04/06/2005 20:23;2;15/02/2006 21:30
700;29/05/2005 2:18;500;117;30/05/2005 5:54;1;15/02/2006 21:30
701;29/05/2005 2:26;372;112;03/06/2005 4:59;1;15/02/2006 21:30
702;29/05/2005 2:27;2556;475;30/05/2005 1:52;2;15/02/2006 21:30
703;29/05/2005 2:29;1123;269;03/06/2005 4:54;2;15/02/2006 21:30
704;29/05/2005 2:44;2628;330;06/06/2005 1:51;2;15/02/2006 21:30
705;29/05/2005 2:48;2809;257;30/05/2005 6:21;1;15/02/2006 21:30
706;29/05/2005 3:05;2278;60;04/06/2005 22:48;1;15/02/2006 21:30
707;29/05/2005 3:18;819;252;30/05/2005 2:45;1;15/02/2006 21:30
708;29/05/2005 3:23;3133;127;31/05/2005 21:27;2;15/02/2006 21:30
709;29/05/2005 3:48;2459;479;06/06/2005 5:21;1;15/02/2006 21:30
710;29/05/2005 3:48;194;518;03/06/2005 5:03;1;15/02/2006 21:30
711;29/05/2005 3:49;4581;215;31/05/2005 8:29;2;15/02/2006 21:30
712;29/05/2005 4:02;4191;313;30/05/2005 3:09;2;15/02/2006 21:30
713;29/05/2005 4:10;3664;507;07/06/2005 7:13;1;15/02/2006 21:30
714;29/05/2005 4:15;2010;452;01/06/2005 23:05;2;15/02/2006 21:30
715;29/05/2005 4:22;2030;545;05/06/2005 9:28;1;15/02/2006 21:30
716;29/05/2005 4:35;85;36;01/06/2005 7:42;2;15/02/2006 21:30
717;29/05/2005 4:37;1383;412;30/05/2005 5:48;2;15/02/2006 21:30
718;29/05/2005 4:52;1736;498;02/06/2005 2:27;1;15/02/2006 21:30
719;29/05/2005 5:16;267;245;01/06/2005 7:53;2;15/02/2006 21:30
720;29/05/2005 5:17;3687;480;06/06/2005 2:47;2;15/02/2006 21:30
721;29/05/2005 5:28;1116;44;31/05/2005 11:24;1;15/02/2006 21:30
722;29/05/2005 5:30;4540;259;06/06/2005 4:51;1;15/02/2006 21:30
723;29/05/2005 5:34;3407;309;30/05/2005 5:50;1;15/02/2006 21:30
724;29/05/2005 5:53;3770;416;05/06/2005 4:01;2;15/02/2006 21:30
725;29/05/2005 6:03;4088;245;03/06/2005 8:52;2;15/02/2006 21:30
726;29/05/2005 6:05;933;452;05/06/2005 4:40;2;15/02/2006 21:30
727;29/05/2005 6:08;1629;484;30/05/2005 7:16;1;15/02/2006 21:30
728;29/05/2005 6:12;242;551;03/06/2005 7:41;1;15/02/2006 21:30
729;29/05/2005 6:35;1688;323;04/06/2005 3:23;2;15/02/2006 21:30
730;29/05/2005 7:00;3473;197;06/06/2005 1:17;1;15/02/2006 21:30
731;29/05/2005 7:25;4124;5;30/05/2005 5:21;1;15/02/2006 21:30
732;29/05/2005 7:32;2530;447;30/05/2005 10:08;2;15/02/2006 21:30
733;29/05/2005 7:35;2951;363;05/06/2005 9:14;1;15/02/2006 21:30
734;29/05/2005 7:38;3084;538;03/06/2005 10:17;2;15/02/2006 21:30
735;29/05/2005 8:08;3421;454;07/06/2005 13:35;1;15/02/2006 21:30
736;29/05/2005 8:10;3689;276;05/06/2005 10:21;2;15/02/2006 21:30
737;29/05/2005 8:11;769;589;04/06/2005 11:18;2;15/02/2006 21:30
738;29/05/2005 8:20;2284;256;06/06/2005 8:59;2;15/02/2006 21:30
739;29/05/2005 8:28;1183;84;06/06/2005 9:21;2;15/02/2006 21:30
740;29/05/2005 8:30;600;89;04/06/2005 12:47;2;15/02/2006 21:30
741;29/05/2005 8:35;3189;495;04/06/2005 11:55;1;15/02/2006 21:30
742;29/05/2005 8:36;273;483;05/06/2005 11:30;1;15/02/2006 21:30
743;29/05/2005 8:39;2528;548;06/06/2005 8:42;2;15/02/2006 21:30
744;29/05/2005 9:13;3722;420;01/06/2005 7:05;2;15/02/2006 21:30
745;29/05/2005 9:22;581;152;01/06/2005 9:10;1;15/02/2006 21:30
746;29/05/2005 9:25;4272;130;02/06/2005 4:20;2;15/02/2006 21:30
747;29/05/2005 9:26;1993;291;05/06/2005 7:28;1;15/02/2006 21:30
748;29/05/2005 9:27;2803;7;03/06/2005 4:25;1;15/02/2006 21:30
749;29/05/2005 9:33;1146;375;31/05/2005 11:45;2;15/02/2006 21:30
750;29/05/2005 9:41;730;269;30/05/2005 13:31;1;15/02/2006 21:30
751;29/05/2005 9:55;2711;53;02/06/2005 4:54;1;15/02/2006 21:30
752;29/05/2005 10:14;1720;126;04/06/2005 6:30;1;15/02/2006 21:30
753;29/05/2005 10:16;1021;135;05/06/2005 8:52;2;15/02/2006 21:30
754;29/05/2005 10:18;734;281;04/06/2005 5:03;2;15/02/2006 21:30
755;29/05/2005 10:26;3090;576;01/06/2005 10:25;2;15/02/2006 21:30
756;29/05/2005 10:28;3152;201;04/06/2005 12:50;1;15/02/2006 21:30
757;29/05/2005 10:29;1067;435;07/06/2005 15:27;1;15/02/2006 21:30
758;29/05/2005 10:31;1191;563;01/06/2005 14:53;2;15/02/2006 21:30
759;29/05/2005 10:57;2367;179;07/06/2005 16:23;2;15/02/2006 21:30
760;29/05/2005 11:07;3250;77;02/06/2005 14:16;1;15/02/2006 21:30
761;29/05/2005 11:09;2342;58;03/06/2005 16:18;2;15/02/2006 21:30
762;29/05/2005 11:15;3683;146;06/06/2005 7:48;1;15/02/2006 21:30
763;29/05/2005 11:32;2022;50;31/05/2005 17:31;1;15/02/2006 21:30
764;29/05/2005 11:37;1069;149;31/05/2005 16:47;1;15/02/2006 21:30
765;29/05/2005 11:38;515;69;02/06/2005 17:04;1;15/02/2006 21:30
766;29/05/2005 11:47;2154;383;06/06/2005 7:14;1;15/02/2006 21:30
767;29/05/2005 12:20;687;67;02/06/2005 14:15;2;15/02/2006 21:30
768;29/05/2005 12:30;2895;566;07/06/2005 9:00;2;15/02/2006 21:30
769;29/05/2005 12:51;1523;575;01/06/2005 17:43;1;15/02/2006 21:30
770;29/05/2005 12:56;2491;405;07/06/2005 15:54;2;15/02/2006 21:30
771;29/05/2005 12:59;353;476;01/06/2005 16:05;2;15/02/2006 21:30
772;29/05/2005 13:08;3319;556;06/06/2005 8:19;1;15/02/2006 21:30
773;29/05/2005 13:18;245;563;07/06/2005 17:22;1;15/02/2006 21:30
774;29/05/2005 13:19;1188;575;01/06/2005 18:51;1;15/02/2006 21:30
775;29/05/2005 13:23;1197;124;30/05/2005 7:53;2;15/02/2006 21:30
776;29/05/2005 13:35;4339;113;03/06/2005 17:33;1;15/02/2006 21:30
777;29/05/2005 14:07;451;360;03/06/2005 8:41;2;15/02/2006 21:30
778;29/05/2005 14:09;1816;535;05/06/2005 20:05;1;15/02/2006 21:30
779;29/05/2005 14:17;533;105;06/06/2005 16:46;1;15/02/2006 21:30
780;29/05/2005 14:18;1919;300;06/06/2005 20:14;1;15/02/2006 21:30
781;29/05/2005 14:23;88;313;30/05/2005 17:44;1;15/02/2006 21:30
782;29/05/2005 14:38;2255;596;02/06/2005 13:18;2;15/02/2006 21:30
783;29/05/2005 14:41;3046;53;06/06/2005 10:39;2;15/02/2006 21:30
784;29/05/2005 14:44;2936;352;01/06/2005 17:28;2;15/02/2006 21:30
785;29/05/2005 15:08;39;72;30/05/2005 15:51;1;15/02/2006 21:30
786;29/05/2005 15:17;2637;439;07/06/2005 10:07;2;15/02/2006 21:30
787;29/05/2005 16:03;3919;27;07/06/2005 11:07;2;15/02/2006 21:30
788;29/05/2005 16:13;763;562;31/05/2005 16:40;1;15/02/2006 21:30
789;29/05/2005 16:17;708;553;06/06/2005 18:15;1;15/02/2006 21:30
790;29/05/2005 16:19;2858;593;02/06/2005 17:22;2;15/02/2006 21:30
791;29/05/2005 16:30;1554;284;01/06/2005 19:11;1;15/02/2006 21:30
792;29/05/2005 16:32;2841;261;31/05/2005 18:01;1;15/02/2006 21:30
793;29/05/2005 16:44;379;528;06/06/2005 19:21;2;15/02/2006 21:30
794;29/05/2005 16:44;1995;50;05/06/2005 16:11;1;15/02/2006 21:30
795;29/05/2005 16:57;609;551;01/06/2005 11:33;2;15/02/2006 21:30
796;29/05/2005 16:59;2697;26;03/06/2005 16:22;2;15/02/2006 21:30
797;29/05/2005 17:12;1446;244;03/06/2005 16:06;1;15/02/2006 21:30
798;29/05/2005 17:23;1102;134;01/06/2005 13:06;2;15/02/2006 21:30
799;29/05/2005 17:24;1713;429;05/06/2005 12:25;1;15/02/2006 21:30
800;29/05/2005 17:28;441;472;30/05/2005 14:59;1;15/02/2006 21:30
801;29/05/2005 17:35;1642;402;04/06/2005 17:05;2;15/02/2006 21:30
802;29/05/2005 17:38;785;350;31/05/2005 22:42;2;15/02/2006 21:30
803;29/05/2005 17:52;1602;32;30/05/2005 14:35;2;15/02/2006 21:30
804;29/05/2005 18:10;3909;171;06/06/2005 22:53;1;15/02/2006 21:30
805;29/05/2005 18:18;3132;232;07/06/2005 15:11;2;15/02/2006 21:30
806;29/05/2005 18:31;2386;435;31/05/2005 0:18;2;15/02/2006 21:30
807;29/05/2005 18:50;2195;235;03/06/2005 18:36;2;15/02/2006 21:30
808;29/05/2005 19:08;1928;104;06/06/2005 20:32;2;15/02/2006 21:30
809;29/05/2005 19:10;2114;222;05/06/2005 19:05;2;15/02/2006 21:30
810;29/05/2005 19:12;2533;346;04/06/2005 21:12;2;15/02/2006 21:30
811;29/05/2005 19:30;4419;401;02/06/2005 16:19;2;15/02/2006 21:30
812;29/05/2005 20:00;1099;225;30/05/2005 19:43;2;15/02/2006 21:30
813;29/05/2005 20:14;4554;344;05/06/2005 20:56;1;15/02/2006 21:30
814;29/05/2005 20:16;1572;134;07/06/2005 17:47;1;15/02/2006 21:30
815;29/05/2005 20:24;3757;14;03/06/2005 15:32;1;15/02/2006 21:30
816;29/05/2005 20:26;630;474;06/06/2005 22:31;2;15/02/2006 21:30
817;29/05/2005 20:39;186;554;31/05/2005 18:24;1;15/02/2006 21:30
818;29/05/2005 20:47;4106;321;02/06/2005 23:18;2;15/02/2006 21:30
819;29/05/2005 21:00;623;511;02/06/2005 15:15;2;15/02/2006 21:30
820;29/05/2005 21:07;2584;22;07/06/2005 0:22;2;15/02/2006 21:30
821;29/05/2005 21:31;3380;348;04/06/2005 22:49;1;15/02/2006 21:30
822;29/05/2005 21:36;2634;480;07/06/2005 17:24;1;15/02/2006 21:30
823;29/05/2005 21:39;3249;441;30/05/2005 22:06;1;15/02/2006 21:30
824;29/05/2005 21:45;3518;357;31/05/2005 19:01;1;15/02/2006 21:30
825;29/05/2005 21:49;712;371;04/06/2005 20:27;2;15/02/2006 21:30
826;29/05/2005 21:56;2263;207;08/06/2005 3:18;1;15/02/2006 21:30
827;29/05/2005 21:58;62;573;06/06/2005 0:54;1;15/02/2006 21:30
828;29/05/2005 22:14;2468;217;30/05/2005 17:22;1;15/02/2006 21:30
829;29/05/2005 22:16;1684;371;06/06/2005 1:38;1;15/02/2006 21:30
830;29/05/2005 22:43;3464;3;01/06/2005 17:43;1;15/02/2006 21:30
831;29/05/2005 22:50;3912;509;06/06/2005 2:27;1;15/02/2006 21:30
832;29/05/2005 22:51;1381;159;07/06/2005 17:37;2;15/02/2006 21:30
833;29/05/2005 23:21;2898;417;02/06/2005 18:40;1;15/02/2006 21:30
834;29/05/2005 23:24;3628;84;30/05/2005 22:00;2;15/02/2006 21:30
835;29/05/2005 23:37;299;381;02/06/2005 23:38;1;15/02/2006 21:30
836;29/05/2005 23:56;3140;368;31/05/2005 4:11;2;15/02/2006 21:30
837;30/05/2005 0:02;977;172;02/06/2005 5:31;2;15/02/2006 21:30
838;30/05/2005 0:27;2859;504;06/06/2005 22:19;2;15/02/2006 21:30
839;30/05/2005 0:28;1886;337;08/06/2005 2:43;1;15/02/2006 21:30
840;30/05/2005 0:28;4049;79;31/05/2005 20:39;2;15/02/2006 21:30
841;30/05/2005 0:31;4318;387;02/06/2005 19:14;1;15/02/2006 21:30
842;30/05/2005 0:32;2328;238;01/06/2005 2:21;1;15/02/2006 21:30
843;30/05/2005 0:44;2214;313;31/05/2005 0:58;2;15/02/2006 21:30
844;30/05/2005 0:58;536;429;01/06/2005 0:38;1;15/02/2006 21:30
845;30/05/2005 1:17;2001;72;07/06/2005 2:00;1;15/02/2006 21:30
846;30/05/2005 1:17;938;49;01/06/2005 0:56;2;15/02/2006 21:30
847;30/05/2005 1:18;4387;380;06/06/2005 20:20;2;15/02/2006 21:30
848;30/05/2005 1:19;1363;436;05/06/2005 23:40;1;15/02/2006 21:30
849;30/05/2005 1:23;2424;449;07/06/2005 1:50;1;15/02/2006 21:30
850;30/05/2005 1:35;2390;517;31/05/2005 1:51;1;15/02/2006 21:30
851;30/05/2005 1:35;2780;530;06/06/2005 7:27;1;15/02/2006 21:30
852;30/05/2005 1:36;1622;549;01/06/2005 22:44;1;15/02/2006 21:30
853;30/05/2005 1:43;3693;122;01/06/2005 2:05;1;15/02/2006 21:30
854;30/05/2005 1:56;921;369;01/06/2005 6:34;2;15/02/2006 21:30
855;30/05/2005 2:00;2527;406;03/06/2005 20:16;2;15/02/2006 21:30
856;30/05/2005 2:01;3969;53;07/06/2005 3:25;1;15/02/2006 21:30
857;30/05/2005 2:01;2569;204;02/06/2005 6:07;2;15/02/2006 21:30
858;30/05/2005 2:10;1258;358;01/06/2005 4:42;1;15/02/2006 21:30
859;30/05/2005 2:36;3032;79;02/06/2005 7:49;2;15/02/2006 21:30
860;30/05/2005 2:45;578;276;08/06/2005 7:28;1;15/02/2006 21:30
861;30/05/2005 2:48;3711;502;06/06/2005 5:43;1;15/02/2006 21:30
862;30/05/2005 3:09;1186;328;03/06/2005 21:27;1;15/02/2006 21:30
863;30/05/2005 3:14;3999;379;05/06/2005 4:34;2;15/02/2006 21:30
864;30/05/2005 3:27;2777;544;06/06/2005 8:28;1;15/02/2006 21:30
865;30/05/2005 3:39;3183;154;07/06/2005 8:10;2;15/02/2006 21:30
866;30/05/2005 3:43;2867;8;08/06/2005 4:28;1;15/02/2006 21:30
867;30/05/2005 3:54;3389;99;01/06/2005 22:59;1;15/02/2006 21:30
868;30/05/2005 4:19;3604;28;31/05/2005 2:28;1;15/02/2006 21:30
869;30/05/2005 4:22;3399;296;03/06/2005 9:18;2;15/02/2006 21:30
870;30/05/2005 4:25;2903;391;06/06/2005 4:32;1;15/02/2006 21:30
871;30/05/2005 5:01;4573;303;04/06/2005 6:22;2;15/02/2006 21:30
872;30/05/2005 5:03;3904;548;06/06/2005 10:35;1;15/02/2006 21:30
873;30/05/2005 5:15;4568;375;07/06/2005 0:49;2;15/02/2006 21:30
874;30/05/2005 5:36;363;52;01/06/2005 9:32;1;15/02/2006 21:30
875;30/05/2005 5:38;1428;326;06/06/2005 0:34;2;15/02/2006 21:30
876;30/05/2005 5:41;1471;339;07/06/2005 9:06;2;15/02/2006 21:30
877;30/05/2005 5:48;886;9;02/06/2005 9:30;1;15/02/2006 21:30
878;30/05/2005 5:49;4265;323;07/06/2005 4:35;1;15/02/2006 21:30
879;30/05/2005 5:49;4021;482;05/06/2005 1:45;2;15/02/2006 21:30
880;30/05/2005 6:12;1819;460;02/06/2005 4:35;2;15/02/2006 21:30
881;30/05/2005 6:15;602;242;02/06/2005 10:21;1;15/02/2006 21:30
882;30/05/2005 6:16;3841;477;02/06/2005 11:57;1;15/02/2006 21:30
883;30/05/2005 6:21;2271;399;07/06/2005 4:50;2;15/02/2006 21:30
884;30/05/2005 6:41;4079;17;31/05/2005 7:39;1;15/02/2006 21:30
885;30/05/2005 6:54;646;62;03/06/2005 7:03;2;15/02/2006 21:30
886;30/05/2005 6:54;4356;393;01/06/2005 6:04;2;15/02/2006 21:30
887;30/05/2005 7:10;2727;16;01/06/2005 6:48;2;15/02/2006 21:30
888;30/05/2005 7:13;387;128;06/06/2005 9:50;1;15/02/2006 21:30
889;30/05/2005 7:14;1299;114;31/05/2005 7:56;2;15/02/2006 21:30
890;30/05/2005 7:43;1464;349;01/06/2005 11:26;1;15/02/2006 21:30
891;30/05/2005 7:43;2611;391;08/06/2005 9:21;1;15/02/2006 21:30
892;30/05/2005 8:02;471;274;05/06/2005 12:51;1;15/02/2006 21:30
893;30/05/2005 8:06;3260;502;07/06/2005 8:23;2;15/02/2006 21:30
894;30/05/2005 8:31;1118;400;07/06/2005 12:39;1;15/02/2006 21:30
895;30/05/2005 8:50;2744;192;05/06/2005 10:58;1;15/02/2006 21:30
896;30/05/2005 9:03;2817;207;05/06/2005 7:37;2;15/02/2006 21:30
897;30/05/2005 9:10;1334;432;08/06/2005 3:43;1;15/02/2006 21:30
898;30/05/2005 9:26;3497;384;01/06/2005 10:45;2;15/02/2006 21:30
899;30/05/2005 9:29;1096;156;06/06/2005 12:39;2;15/02/2006 21:30
900;30/05/2005 9:38;3543;586;07/06/2005 11:54;1;15/02/2006 21:30
901;30/05/2005 9:40;760;259;02/06/2005 10:32;1;15/02/2006 21:30
902;30/05/2005 9:53;1514;561;07/06/2005 12:10;1;15/02/2006 21:30
903;30/05/2005 10:11;2423;197;03/06/2005 9:33;1;15/02/2006 21:30
904;30/05/2005 10:19;2466;44;05/06/2005 4:58;2;15/02/2006 21:30
905;30/05/2005 10:25;4372;50;06/06/2005 6:23;1;15/02/2006 21:30
906;30/05/2005 10:30;1862;549;07/06/2005 6:44;2;15/02/2006 21:30
907;30/05/2005 10:37;3320;506;02/06/2005 9:51;1;15/02/2006 21:30
908;30/05/2005 10:38;4427;85;03/06/2005 9:56;1;15/02/2006 21:30
909;30/05/2005 10:43;3775;486;08/06/2005 12:07;1;15/02/2006 21:30
910;30/05/2005 10:46;2601;374;04/06/2005 13:32;1;15/02/2006 21:30
911;30/05/2005 10:50;1404;366;07/06/2005 12:26;2;15/02/2006 21:30
912;30/05/2005 10:58;3200;390;31/05/2005 9:31;2;15/02/2006 21:30
913;30/05/2005 11:04;3213;369;07/06/2005 13:22;2;15/02/2006 21:30
914;30/05/2005 11:06;1393;596;04/06/2005 6:07;2;15/02/2006 21:30
915;30/05/2005 11:20;1859;115;02/06/2005 11:55;1;15/02/2006 21:30
916;30/05/2005 11:25;1290;6;31/05/2005 9:06;1;15/02/2006 21:30
917;30/05/2005 11:27;3629;385;02/06/2005 8:31;1;15/02/2006 21:30
918;30/05/2005 11:32;818;197;31/05/2005 7:55;2;15/02/2006 21:30
919;30/05/2005 11:35;4052;374;02/06/2005 13:16;2;15/02/2006 21:30
920;30/05/2005 11:44;3860;584;02/06/2005 8:19;2;15/02/2006 21:30
921;30/05/2005 11:53;1827;508;03/06/2005 10:00;2;15/02/2006 21:30
922;30/05/2005 11:55;2442;550;08/06/2005 10:12;2;15/02/2006 21:30
923;30/05/2005 11:58;1884;37;05/06/2005 9:57;1;15/02/2006 21:30
924;30/05/2005 12:10;3279;293;04/06/2005 17:28;1;15/02/2006 21:30
925;30/05/2005 12:13;3203;137;02/06/2005 14:41;2;15/02/2006 21:30
926;30/05/2005 12:15;4327;76;01/06/2005 8:53;2;15/02/2006 21:30
927;30/05/2005 12:16;1158;167;31/05/2005 16:20;2;15/02/2006 21:30
928;30/05/2005 12:27;246;79;05/06/2005 13:56;2;15/02/2006 21:30
929;30/05/2005 12:32;4296;536;06/06/2005 12:17;1;15/02/2006 21:30
930;30/05/2005 12:44;2835;141;04/06/2005 10:53;2;15/02/2006 21:30
931;30/05/2005 12:53;3384;421;31/05/2005 14:28;1;15/02/2006 21:30
932;30/05/2005 12:55;719;198;31/05/2005 10:30;2;15/02/2006 21:30
933;30/05/2005 13:08;3672;66;01/06/2005 18:56;1;15/02/2006 21:30
934;30/05/2005 13:24;3595;60;08/06/2005 16:44;2;15/02/2006 21:30
935;30/05/2005 13:29;2421;256;02/06/2005 11:08;1;15/02/2006 21:30
936;30/05/2005 13:52;901;469;07/06/2005 16:56;1;15/02/2006 21:30
937;30/05/2005 14:47;1054;304;05/06/2005 9:53;2;15/02/2006 21:30
938;30/05/2005 14:47;1521;46;04/06/2005 10:10;2;15/02/2006 21:30
939;30/05/2005 14:49;1314;367;01/06/2005 19:00;1;15/02/2006 21:30
940;30/05/2005 15:01;1278;534;01/06/2005 18:26;1;15/02/2006 21:30
941;30/05/2005 15:02;3630;562;01/06/2005 17:19;1;15/02/2006 21:30
942;30/05/2005 15:05;4279;473;08/06/2005 15:59;2;15/02/2006 21:30
943;30/05/2005 15:20;3737;57;06/06/2005 18:53;1;15/02/2006 21:30
944;30/05/2005 15:26;151;131;07/06/2005 18:09;2;15/02/2006 21:30
945;30/05/2005 15:33;1441;357;02/06/2005 15:02;2;15/02/2006 21:30
946;30/05/2005 15:35;1264;486;08/06/2005 11:38;1;15/02/2006 21:30
947;30/05/2005 15:36;4478;62;04/06/2005 18:48;1;15/02/2006 21:30
948;30/05/2005 15:44;585;245;08/06/2005 17:30;2;15/02/2006 21:30
949;30/05/2005 15:50;2202;368;03/06/2005 14:25;1;15/02/2006 21:30
950;30/05/2005 16:06;491;83;01/06/2005 11:43;1;15/02/2006 21:30
951;30/05/2005 16:10;1395;59;31/05/2005 19:01;2;15/02/2006 21:30
952;30/05/2005 16:28;4389;311;02/06/2005 16:12;2;15/02/2006 21:30
953;30/05/2005 16:34;2194;210;31/05/2005 20:34;1;15/02/2006 21:30
954;30/05/2005 16:57;1231;297;08/06/2005 13:30;2;15/02/2006 21:30
955;30/05/2005 16:59;4140;301;31/05/2005 11:58;2;15/02/2006 21:30
956;30/05/2005 17:30;647;296;07/06/2005 13:54;2;15/02/2006 21:30
957;30/05/2005 17:53;4428;440;03/06/2005 15:31;2;15/02/2006 21:30
958;30/05/2005 17:58;548;186;01/06/2005 19:17;2;15/02/2006 21:30
959;30/05/2005 18:07;3108;535;02/06/2005 14:37;2;15/02/2006 21:30
960;30/05/2005 18:13;1966;445;04/06/2005 0:12;2;15/02/2006 21:30
961;30/05/2005 18:16;3293;588;04/06/2005 23:40;2;15/02/2006 21:30
962;30/05/2005 18:45;4535;520;05/06/2005 22:47;1;15/02/2006 21:30
963;30/05/2005 18:52;1921;225;07/06/2005 16:19;2;15/02/2006 21:30
964;30/05/2005 18:53;657;287;04/06/2005 22:32;2;15/02/2006 21:30
965;30/05/2005 19:00;3363;502;31/05/2005 17:10;2;15/02/2006 21:30
966;30/05/2005 19:00;1294;496;31/05/2005 23:51;1;15/02/2006 21:30
967;30/05/2005 19:12;1954;330;09/06/2005 0:02;2;15/02/2006 21:30
968;30/05/2005 19:20;119;576;31/05/2005 18:17;2;15/02/2006 21:30
969;30/05/2005 19:23;443;551;31/05/2005 21:14;1;15/02/2006 21:30
970;30/05/2005 19:50;1520;307;09/06/2005 1:19;1;15/02/2006 21:30
971;30/05/2005 20:10;2911;561;06/06/2005 20:47;1;15/02/2006 21:30
972;30/05/2005 20:21;2;411;06/06/2005 0:36;1;15/02/2006 21:30
973;30/05/2005 20:27;1914;473;08/06/2005 22:47;2;15/02/2006 21:30
974;30/05/2005 20:28;2617;596;08/06/2005 23:45;2;15/02/2006 21:30
975;30/05/2005 21:07;3109;7;03/06/2005 1:48;2;15/02/2006 21:30
976;30/05/2005 21:11;2290;581;06/06/2005 2:16;2;15/02/2006 21:30
977;30/05/2005 21:22;2029;394;04/06/2005 22:32;2;15/02/2006 21:30
978;30/05/2005 21:30;407;154;07/06/2005 16:22;1;15/02/2006 21:30
979;30/05/2005 21:37;3917;279;08/06/2005 0:24;2;15/02/2006 21:30
980;30/05/2005 21:45;4169;273;01/06/2005 20:32;1;15/02/2006 21:30
981;30/05/2005 21:52;2913;326;01/06/2005 3:15;2;15/02/2006 21:30
982;30/05/2005 22:15;3560;524;02/06/2005 16:18;1;15/02/2006 21:30
983;30/05/2005 22:15;63;115;02/06/2005 22:56;1;15/02/2006 21:30
984;30/05/2005 22:17;2305;262;01/06/2005 20:15;2;15/02/2006 21:30
985;30/05/2005 22:18;1573;564;04/06/2005 23:36;1;15/02/2006 21:30
986;30/05/2005 22:22;4045;253;01/06/2005 2:24;1;15/02/2006 21:30
987;30/05/2005 22:59;390;11;07/06/2005 20:56;1;15/02/2006 21:30
988;30/05/2005 23:08;1364;12;07/06/2005 0:22;1;15/02/2006 21:30
989;30/05/2005 23:11;4388;83;03/06/2005 20:36;2;15/02/2006 21:30
990;30/05/2005 23:25;4171;311;06/06/2005 18:41;2;15/02/2006 21:30
991;30/05/2005 23:29;2863;593;07/06/2005 23:16;1;15/02/2006 21:30
992;30/05/2005 23:47;3572;123;05/06/2005 19:01;1;15/02/2006 21:30
993;30/05/2005 23:54;2080;513;04/06/2005 21:27;1;15/02/2006 21:30
994;30/05/2005 23:55;2798;472;04/06/2005 1:00;2;15/02/2006 21:30
995;31/05/2005 0:06;17;150;06/06/2005 2:30;2;15/02/2006 21:30
996;31/05/2005 0:06;2075;331;31/05/2005 21:29;2;15/02/2006 21:30
997;31/05/2005 0:08;4243;216;02/06/2005 0:17;2;15/02/2006 21:30
998;31/05/2005 0:16;3395;389;01/06/2005 22:41;1;15/02/2006 21:30
999;31/05/2005 0:25;4433;413;03/06/2005 6:05;2;15/02/2006 21:30
1000;31/05/2005 0:25;1774;332;08/06/2005 19:42;2;15/02/2006 21:30
1001;31/05/2005 0:46;1498;64;06/06/2005 6:14;2;15/02/2006 21:30
